{
    "acc": 0.6196319018404908,
    "precision": 0.8866799204771372,
    "recall": 0.3368421052631579,
    "f1": 0.4882153730373208
}