{
    "acc": 0.6257668711656442,
    "precision": 0.8648111332007953,
    "recall": 0.3726315789473684,
    "f1": 0.5208417891062587
}