{
    "acc": 0.6226993865030674,
    "precision": 0.882703777335984,
    "recall": 0.3473684210526316,
    "f1": 0.4985453988669424
}