{
    "acc": 0.6482617586912065,
    "precision": 0.7554671968190855,
    "recall": 0.5347368421052632,
    "f1": 0.6262205526467745
}