{
    "acc": 0.6124744376278118,
    "precision": 0.8866799204771372,
    "recall": 0.32210526315789473,
    "f1": 0.4725476006634143
}