{
    "acc": 0.6421267893660532,
    "precision": 0.8429423459244533,
    "recall": 0.42947368421052634,
    "f1": 0.569030169861716
}